carrier_id,county,current_lat,current_lon,status,shift_start,shift_end
V001,Montgomery,39.14,-77.2,available,08:00,16:00
V002,Montgomery,39.15,-77.19,available,08:00,16:00
V003,Montgomery,39.16,-77.18,available,09:00,17:00
V004,Montgomery,39.17,-77.17,available,10:00,18:00
V005,Montgomery,39.18,-77.16,available,11:00,19:00
V006,Montgomery,39.19,-77.15,available,12:00,20:00
V007,Montgomery,39.2,-77.14,available,13:00,21:00
V008,Montgomery,39.21,-77.13,available,14:00,22:00
V009,Montgomery,39.22,-77.12,available,15:00,23:00
V010,Montgomery,39.23,-77.11,available,16:00,00:00
V011,Montgomery,39.24,-77.1,available,17:00,01:00
